coleta,colonia,ambiente,cidade,emergencia,tratamento,id_vespa,teste,invisibility time,Explored areas,exploration_rate,total_distance,total time frozen,n_braco,atividade_t,
coleta_1,rur.pent.02,rural,pentecoste,depois_manejo,rico,rur.pent.02.rosa-roxo,1,00:00:03,59,0.13,3574.21,00:00:32,3,0:04:28,
coleta_1,rur.pent.02,rural,pentecoste,depois_manejo,rico,rur.pent.02.rosa-roxo,2,00:00:04,89,0.20,3202.76,00:00:33,6,0:04:27,tabela inclui dados de vespas medidas uma única vez
coleta_1,rur.pent.03,rural,pentecoste,depois_manejo,pobre,rur.pent.03.rosa-roxo,1,00:00:04,35,0.09,3947.14,00:00:08,2,0:04:52,
coleta_1,rur.pent.03,rural,pentecoste,depois_manejo,pobre,rur.pent.03.rosa-roxo,2,00:00:10,126,0.29,5150.20,00:00:23,7,0:04:37,
coleta_1,rur.pent.03,rural,pentecoste,antes_manejo,pobre,rur.pent.03.rosa-verde,1,00:00:16,106,0.26,6128.59,00:00:00,6,0:05:00,
coleta_1,rur.pent.03,rural,pentecoste,antes_manejo,pobre,rur.pent.03.rosa-verde,2,00:00:03,32,0.08,963.30,00:03:40,4,0:01:20,
coleta_1,rur.pent.03,rural,pentecoste,depois_manejo,pobre,rur.pent.03.verde-roxo,1,00:00:00,29,0.07,2653.84,00:01:20,2,0:03:40,
coleta_1,rur.pent.03,rural,pentecoste,depois_manejo,pobre,rur.pent.03.verde-roxo,2,00:00:02,39,0.09,1537.43,00:00:03,2,0:04:57,
coleta_1,urb.pici.01,urbano,fortaleza,antes_manejo,rico,urb.pici.01.cinza-rosa,1,00:00:39,86,0.22,4468.10,00:01:36,7,0:03:24,
coleta_1,urb.pici.01,urbano,fortaleza,antes_manejo,rico,urb.pici.01.cinza-rosa,2,00:00:35,75,0.19,3547.93,00:02:08,6,0:02:52,
coleta_1,urb.pici.01,urbano,fortaleza,depois_manejo,rico,urb.pici.01.verde-amarelo,1,00:00:07,127,0.29,7164.00,00:00:16,7,0:04:44,
coleta_1,urb.pici.01,urbano,fortaleza,depois_manejo,rico,urb.pici.01.verde-amarelo,2,00:00:42,119,0.30,8049.06,00:00:34,8,0:04:26,
coleta_1,urb.pici.02,urbano,fortaleza,depois_manejo,rico,urb.pici.02.branco-branco,1,00:00:09,44,0.11,3418.59,00:00:05,3,0:04:55,
coleta_1,urb.pici.02,urbano,fortaleza,depois_manejo,rico,urb.pici.02.branco-branco,2,00:00:21,92,0.21,3218.59,00:00:21,6,0:04:39,
coleta_1,urb.pici.03,urbano,fortaleza,depois_manejo,rico,urb.pici.03.amarelo-roxo,1,00:00:02,44,0.10,1256.05,00:03:51,4,0:01:09,
coleta_1,urb.pici.03,urbano,fortaleza,depois_manejo,rico,urb.pici.03.amarelo-roxo,2,00:00:15,109,0.25,5338.28,00:01:37,7,0:03:23,
coleta_1,urb.pici.03,urbano,fortaleza,antes_manejo,rico,urb.pici.03.roxo-roxo,1,00:00:06,67,0.15,2109.93,00:03:07,5,0:01:53,
coleta_1,urb.pici.03,urbano,fortaleza,antes_manejo,rico,urb.pici.03.roxo-roxo,2,00:00:26,111,0.26,6871.01,00:01:03,8,0:03:57,
coleta_1,urb.pici.03,urbano,fortaleza,depois_manejo,rico,urb.pici.03.verde-amarelo,1,00:00:17,49,0.11,2796.71,00:01:49,1,0:03:11,camera se mexeu
coleta_1,urb.pici.03,urbano,fortaleza,depois_manejo,rico,urb.pici.03.verde-amarelo,2,00:00:12,83,0.19,2543.19,00:02:09,6,0:02:51,
coleta_1,rur.pent.02,rural,pentecoste,depois_manejo,rico,rur.pent.02.verde-rosa,2,00:00:13,54,0.12,1812.11,00:02:37,4,0:02:23,
coleta_1,urb.pici.03,urbano,fortaleza,antes_manejo,rico,urb.pici.03.rosa-branco,2,00:00:13,74,0.17,3275.70,00:01:38,5,0:03:22,
coleta_2,rur.pent.04,rural,pentecoste,antes_manejo,rico,rur.pent.04.roxo-branco,1,00:00:21,108,0.27,7401.78,00:00:14,5,0:04:46,detectou um ponto no braço inferior esquerdo
coleta_2,rur.pent.04,rural,pentecoste,antes_manejo,rico,rur.pent.04.roxo-branco,2,00:00:33,81,0.19,3771.91,00:00:54,7,0:04:06,
coleta_2,rur.pent.04,rural,pentecoste,antes_manejo,pobre,rur.pent.04.roxo-branco,3,00:00:01,6,0.01,166.98,00:04:42,1,0:00:18,
coleta_2,rur.pent.04,rural,pentecoste,antes_manejo,pobre,rur.pent.04.roxo-branco,4,00:00:15,117,0.30,4943.38,00:00:32,8,0:04:28,
coleta_2,rur.pent.04,rural,pentecoste,antes_manejo,rico,rur.pent.04.verde-rosa,1,00:00:06,69,0.16,2042.79,00:03:34,4,0:01:26,
coleta_2,rur.pent.04,rural,pentecoste,antes_manejo,rico,rur.pent.04.verde-rosa,2,00:00:10,97,0.23,6202.40,00:00:12,6,0:04:48,
coleta_2,rur.pent.04,rural,pentecoste,antes_manejo,pobre,rur.pent.04.verde-rosa,3,00:00:17,83,0.20,2491.18,00:02:49,6,0:02:11,
coleta_2,rur.pent.04,rural,pentecoste,antes_manejo,pobre,rur.pent.04.verde-rosa,4,00:00:07,100,0.25,5202.09,00:00:09,7,0:04:51,
coleta_2,rur.pent.04,rural,pentecoste,antes_manejo,rico,rur.pent.04.verde-verde,2,00:00:00,17,0.04,454.72,00:00:04,1,0:04:56,
coleta_2,rur.pent.04,rural,pentecoste,antes_manejo,rico,rur.pent.04.verde-verde,1,00:00:02,9,0.02,282.17,00:04:40,1,0:00:20,
coleta_2,rur.pent.04,rural,pentecoste,antes_manejo,pobre,rur.pent.04.verde-verde,3,00:00:03,39,0.10,1800.54,00:02:04,3,0:02:56,
coleta_2,rur.pent.04,rural,pentecoste,antes_manejo,pobre,rur.pent.04.verde-verde,4,00:00:05,47,0.12,2247.29,00:01:46,3,0:03:14,
coleta_2,rur.pent.05,rural,pentecoste,antes_manejo,pobre,rur.pent.05.azul-azul,1,00:00:13,131,0.33,8602.01,00:00:07,8,0:04:53,
coleta_2,rur.pent.05,rural,pentecoste,antes_manejo,pobre,rur.pent.05.azul-azul,2,00:00:23,98,0.25,5204.21,00:00:38,6,0:04:22,
coleta_2,rur.pent.05,rural,pentecoste,antes_manejo,rico,rur.pent.05.azul-azul,3,00:00:04,134,0.34,8279.48,00:00:07,8,0:04:53,
coleta_2,rur.pent.05,rural,pentecoste,antes_manejo,rico,rur.pent.05.azul-azul,4,00:00:15,106,0.24,5656.99,00:00:24,5,0:04:36,
coleta_2,rur.pent.05,rural,pentecoste,antes_manejo,pobre,rur.pent.05.azul-roxo,1,00:00:00,3,0.01,68.30,00:04:58,0,0:00:02,
coleta_2,rur.pent.05,rural,pentecoste,antes_manejo,rico,rur.pent.05.azul-roxo,3,00:00:00,31,0.08,1890.59,00:01:44,2,0:03:16,
coleta_2,rur.pent.05,rural,pentecoste,antes_manejo,rico,rur.pent.05.azul-verde,3,00:00:03,100,0.25,5322.86,00:00:05,6,0:04:55,
coleta_2,rur.pent.05,rural,pentecoste,antes_manejo,pobre,rur.pent.05.azul-verde,2,00:00:00,1,0.00,10.25,00:04:59,1,0:00:01,
coleta_2,rur.pent.05,rural,pentecoste,antes_manejo,pobre,rur.pent.05.rosa-branco,1,00:00:00,9,0.02,409.80,00:03:53,1,0:01:07,
coleta_2,rur.pent.05,rural,pentecoste,antes_manejo,rico,rur.pent.05.rosa-branco,3,00:00:00,9,0.02,172.14,00:04:28,1,0:00:32,
coleta_2,rur.pent.05,rural,pentecoste,antes_manejo,pobre,rur.pent.05.rosa-branco,2,00:00:00,1,0.00,133.69,00:04:51,1,0:00:09,
coleta_2,rur.pent.05,rural,pentecoste,antes_manejo,rico,rur.pent.05.rosa-branco,4,00:00:00,12,0.03,662.03,00:04:10,0,0:00:50,
coleta_2,rur.pent.05,rural,pentecoste,antes_manejo,pobre,rur.pent.05.verde-rosa,2,00:00:07,89,0.21,7992.31,00:00:24,5,0:04:36,
coleta_2,rur.pent.05,rural,pentecoste,antes_manejo,rico,rur.pent.05.verde-rosa,3,00:00:02,118,0.29,8486.13,00:00:06,7,0:04:54,
coleta_2,rur.pent.05,rural,pentecoste,antes_manejo,rico,rur.pent.05.verde-rosa,4,00:00:19,81,0.20,6138.35,00:00:40,4,0:04:20,
coleta_2,rur.pent.06,rural,pentecoste,depois_manejo,rico,rur.pent.06.amarelo-roxo,3,00:00:03,147,0.33,6026.86,00:00:54,8,0:04:06,
coleta_2,rur.pent.06,rural,pentecoste,depois_manejo,pobre,rur.pent.06.amarelo-roxo,2,00:00:36,134,0.34,9512.49,00:00:09,8,0:04:51,vespa oculta em parte do viedo
coleta_2,rur.pent.06,rural,pentecoste,depois_manejo,pobre,rur.pent.06.amarelo-roxo,1,00:00:02,55,0.14,2787.73,00:01:51,4,0:03:09,
coleta_2,rur.pent.06,rural,pentecoste,depois_manejo,pobre,rur.pent.06.azul-roxo,1,00:00:09,112,0.28,5078.44,00:00:38,8,0:04:22,
coleta_2,rur.pent.06,rural,pentecoste,depois_manejo,pobre,rur.pent.06.azul-roxo,2,00:00:03,37,0.09,873.01,00:04:03,3,0:00:57,
coleta_2,rur.pent.06,rural,pentecoste,antes_manejo,pobre,rur.pent.06.rosa-branco,1,00:00:21,88,0.22,3820.90,00:00:51,5,0:04:09,
coleta_2,rur.pent.06,rural,pentecoste,antes_manejo,pobre,rur.pent.06.rosa-branco,2,00:00:06,32,0.08,1281.15,00:03:52,2,0:01:08,
coleta_2,rur.pent.06,rural,pentecoste,antes_manejo,rico,rur.pent.06.rosa-branco,3,00:00:00,2,0.00,0,00:04:59,0,0:00:01,
coleta_2,rur.pent.06,rural,pentecoste,antes_manejo,rico,rur.pent.06.rosa-branco,4,00:00:08,39,0.10,2012.14,00:02:13,2,0:02:47,
coleta_2,rur.pent.07,rural,pentecoste,antes_manejo,rico,rur.pent.07.azul-verde,2,00:00:07,86,0.22,8558.23,00:01:03,6,0:03:57,
coleta_2,rur.pent.07,rural,pentecoste,antes_manejo,pobre,rur.pent.07.azul-verde,3,00:00:03,35,0.09,1346.77,00:02:04,3,0:02:56,
coleta_2,rur.pent.07,rural,pentecoste,antes_manejo,rico,rur.pent.07.branco-rosa,1,00:00:06,42,0.11,3061.8,00:01:24,2,0:03:36,
coleta_2,rur.pent.07,rural,pentecoste,antes_manejo,rico,rur.pent.07.branco-rosa,2,00:00:07,42,0.10,2508.22,00:01:55,2,0:03:05,
coleta_2,rur.pent.07,rural,pentecoste,antes_manejo,pobre,rur.pent.07.branco-rosa,3,00:00:00,43,0.11,2071.79,00:02:21,4,0:02:39,
coleta_2,rur.pent.07,rural,pentecoste,antes_manejo,pobre,rur.pent.07.branco-rosa,4,00:00:00,5,0.01,238.76,00:04:18,1,0:00:42,
coleta_2,rur.pent.07,rural,pentecoste,antes_manejo,pobre,rur.pent.07.roxo-sm-sm,3,00:00:18,130,0.28,6878.57,00:00:13,6,0:04:47,
coleta_2,rur.pent.07,rural,pentecoste,antes_manejo,pobre,rur.pent.07.roxo-sm-sm,4,00:00:03,23,0.06,517.71,00:03:47,2,0:01:13,
coleta_2,rur.pent.07,rural,pentecoste,antes_manejo,rico,rur.pent.07.verde-sm,1,00:00:35,138,0.33,5751.89,00:00:09,8,0:04:51,
coleta_2,rur.pent.07,rural,pentecoste,antes_manejo,rico,rur.pent.07.verde-sm,2,00:00:11,67,0.17,3027.49,00:01:37,5,0:03:23,
coleta_2,rur.pent.07,rural,pentecoste,antes_manejo,pobre,rur.pent.07.verde-sm,3,00:00:16,116,0.29,6966.48,00:00:14,6,0:04:46,
coleta_2,rur.pent.07,rural,pentecoste,antes_manejo,pobre,rur.pent.07.verde-sm,4,00:00:01,102,0.24,4965.88,00:01:38,6,0:03:22,
coleta_2,urb.pici.04,urbano,fortaleza,depois_manejo,pobre,urb.pici.04.amarelo-azul,3,00:00:02,47,0.12,1942.17,00:02:25,3,0:02:35,
coleta_2,urb.pici.04,urbano,fortaleza,depois_manejo,pobre,urb.pici.04.amarelo-azul,4,00:00:16,104,0.26,5019.09,00:00:54,6,0:04:06,
coleta_2,urb.pici.04,urbano,fortaleza,depois_manejo,rico,urb.pici.04.amarelo-azul,2,00:00:17,67,0.17,3074.80,00:01:36,4,0:03:24,
coleta_2,urb.pici.04,urbano,fortaleza,depois_manejo,pobre,urb.pici.04.azul-azul,3,00:00:00,42,0.10,1818.31,00:02:03,2,0:02:57,
coleta_2,urb.pici.04,urbano,fortaleza,depois_manejo,pobre,urb.pici.04.azul-azul,4,00:00:15,104,0.26,7154.80,00:00:05,7,0:04:55,
coleta_2,"urb.pici.04,",urbano,fortaleza,depois_manejo,rico,urb.pici.04.azul-verde,1,00:00:00,73,0.17,2986.99,00:02:29,6,0:02:31,
coleta_2,"urb.pici.04,",urbano,fortaleza,depois_manejo,rico,urb.pici.04.azul-verde,2,00:00:33,133,0.32,7537.31,00:00:24,8,0:04:36,
coleta_2,urb.pici.04,urbano,fortaleza,depois_manejo,pobre,urb.pici.04.azul-verde,3,00:00:11,49,0.12,2642.10,00:02:52,3,0:02:08,
coleta_2,urb.pici.04,urbano,fortaleza,antes_manejo,rico,urb.pici.04.rosa-branco,1,00:00:10,63,0.15,3400.98,00:01:31,3,0:03:29,
coleta_2,urb.pici.04,urbano,fortaleza,antes_manejo,rico,urb.pici.04.rosa-branco,2,00:00:23,103,0.26,5736.77,00:00:13,6,0:04:47,vespa saiu do alcance da camera por tempo consideravel
coleta_2,urb.pici.04,urbano,fortaleza,antes_manejo,pobre,urb.pici.04.rosa-branco,3,00:00:09,100,0.24,4029.48,00:01:47,7,0:03:13,
coleta_2,urb.pici.05,urbano,fortaleza,depois_manejo,pobre,urb.pici.05.amarelo-azul,2,00:00:04,61,0.15,1685.61,00:03:18,4,0:01:42,
coleta_2,urb.pici.05,urbano,fortaleza,depois_manejo,rico,urb.pici.05.amarelo-azul,3,00:00:06,69,0.17,2380.84,00:03:15,4,0:01:45,
coleta_2,urb.pici.05,urbano,fortaleza,depois_manejo,pobre,urb.pici.05.amarelo-azul,1,00:00:09,59,0.14,1671.89,00:02:42,4,0:02:18,
coleta_2,urb.pici.05,urbano,fortaleza,depois_manejo,rico,urb.pici.05.amarelo-azul,4,00:00:07,112,0.25,4667.99,00:01:22,6,0:03:38,
coleta_2,urb.pici.05,urbano,fortaleza,depois_manejo,rico,urb.pici.05.azul-azul,3,00:00:00,85,0.21,3265.17,00:02:02,5,0:02:58,
coleta_2,urb.pici.05,urbano,fortaleza,depois_manejo,rico,urb.pici.05.azul-azul,4,00:00:16,119,0.30,5643.51,00:00:26,7,0:04:34,
coleta_2,urb.pici.05,urbano,fortaleza,depois_manejo,pobre,urb.pici.05.azul-verde,1,00:00:25,73,0.18,3599.26,00:00:19,3,0:04:41,
coleta_2,urb.pici.05,urbano,fortaleza,depois_manejo,pobre,urb.pici.05.azul-verde,2,00:00:02,66,0.16,2093.45,00:02:30,5,0:02:30,
coleta_2,urb.pici.05,urbano,fortaleza,antes_manejo,pobre,urb.pici.05.branco-rosa,1,00:00:14,46,0.11,2341.26,00:02:18,2,0:02:42,
coleta_2,urb.pici.05,urbano,fortaleza,antes_manejo,pobre,urb.pici.05.branco-rosa,2,00:00:10,67,0.16,2462.21,00:02:54,5,0:02:06,
coleta_2,urb.pici.05,urbano,fortaleza,antes_manejo,rico,urb.pici.05.branco-rosa,3,00:00:21,124,0.31,7636.34,00:00:40,7,0:04:20,
coleta_2,urb.pici.05,urbano,fortaleza,antes_manejo,rico,urb.pici.05.branco-rosa,4,00:00:12,129,0.32,5986.36,00:00:23,8,0:04:37,
coleta_2,rur.pent.06,rural,pentecoste,antes_manejo,rico,rur.pent.06.azul-verde,3,00:00:06,31,0.07,1047.17,00:03:51,4,0:01:09,
coleta_2,urb.pici.05,urbano,fortaleza,NA,rico,urb.pici.05.rosa-branco,3,00:00:09,103,0.23,4068.75,00:01:47,7,0:03:13,
coleta_3,rur.pent.08,rural,pentecoste,antes_manejo,pobre,rur.pent.08.rosa-branco,1,00:00:01,18,0.05,340.53,00:04:33,1,0:00:27,
coleta_3,rur.pent.08,rural,pentecoste,antes_manejo,rico,rur.pent.08.rosa-branco,3,00:00:19,46,0.12,1153.60,00:03:50,2,0:01:10,
coleta_3,rur.pent.08,rural,pentecoste,antes_manejo,rico,rur.pent.08.rosa-branco,4,00:00:22,95,0.24,3698.97,00:02:08,6,0:02:52,
coleta_3,rur.pent.08,rural,pentecoste,antes_manejo,pobre,rur.pent.08.roxo-branco,1,00:00:03,41,0.10,1394.10,00:03:35,4,0:01:25,
coleta_3,rur.pent.08,rural,pentecoste,antes_manejo,pobre,rur.pent.08.roxo-branco,2,00:00:34,74,0.19,2855.31,00:01:36,4,0:03:24,
coleta_3,rur.pent.08,rural,pentecoste,antes_manejo,rico,rur.pent.08.roxo-branco,3,00:00:00,1,0,15.66,00:04:59,0,0:00:01,
coleta_3,rur.pent.08,rural,pentecoste,antes_manejo,rico,rur.pent.08.roxo-branco,4,00:00:00,3,0.01,64.87,00:04:54,1,0:00:06,
coleta_3,rur.pent.08,rural,pentecoste,antes_manejo,pobre,rur.pent.08.verde-roxo,1,00:00:03,108,0.26,4682.95,00:00:21,7,0:04:39,
coleta_3,rur.pent.08,rural,pentecoste,antes_manejo,pobre,rur.pent.08.verde-roxo,2,00:00:16,99,0.29,5827.71,00:00:13,8,0:04:47,
coleta_3,rur.pent.08,rural,pentecoste,antes_manejo,rico,rur.pent.08.verde-roxo,3,00:00:58,111,0.26,5948.83,00:00:13,7,0:04:47,
coleta_3,rur.pent.08,rural,pentecoste,antes_manejo,rico,rur.pent.08.verde-roxo,4,00:00:02,23,0.05,592.98,00:00:39,2,0:04:21,
coleta_3,rur.pent.08,rural,pentecoste,antes_manejo,pobre,rur.pent.08.vermelho-verde,1,00:00:26,110,0.26,8252.87,00:00:04,7,0:04:56,
coleta_3,rur.pent.08,rural,pentecoste,antes_manejo,pobre,rur.pent.08.vermelho-verde,2,00:00:07,126,0.32,10767.98,00:00:07,7,0:04:53,
coleta_3,rur.pent.08,rural,pentecoste,antes_manejo,pobre,rur.pent.08.vermelho-vermelho,2,00:00:00,3,0.01,1171.46,00:03:43,0,0:01:17,"vespa ficou praticamente parda, desconsiderar tempo de invisibilidade (00:01:06)"
coleta_3,rur.pent.08,rural,pentecoste,antes_manejo,rico,rur.pent.08.vermelho-vermelho,4,00:00:00,13,0.03,486.53,00:03:58,0,0:01:02,
coleta_3,rur.pent.09,rural,pentecoste,antes_manejo,rico,rur.pent.09.amarelo-azul,1,00:00:07,57,0.14,2277.65,00:02:55,4,0:02:05,
coleta_3,rur.pent.09,rural,pentecoste,antes_manejo,rico,rur.pent.09.amarelo-azul,2,00:00:08,74,0.19,2524.89,00:01:32,4,0:03:28,
coleta_3,rur.pent.09,rural,pentecoste,antes_manejo,pobre,rur.pent.09.amarelo-azul,3,00:00:19,44,0.11,1336.37,00:02:55,3,0:02:05,
coleta_3,rur.pent.09,rural,pentecoste,antes_manejo,pobre,rur.pent.09.amarelo-azul,4,00:00:06,49,0.19,4671.18,00:00:48,4,0:04:12,
coleta_3,rur.pent.09,rural,pentecoste,antes_manejo,rico,rur.pent.09.amarelo-roxo,2,00:00:08,74,0.19,2516.08,00:01:27,4,0:03:33,
coleta_3,rur.pent.09,rural,pentecoste,antes_manejo,pobre,rur.pent.09.amarelo-roxo,3,00:00:04,65,0.16,3455.07,00:00:30,5,0:04:30,
coleta_3,rur.pent.09,rural,pentecoste,antes_manejo,rico,rur.pent.09.branco-rosa,1,00:00:13,92,0.05,3151.96,00:01:31,6,0:03:29,
coleta_3,rur.pent.09,rural,pentecoste,antes_manejo,rico,rur.pent.09.branco-rosa,2,00:00:47,62,0.15,3094.47,00:01:15,4,0:03:45,
coleta_3,rur.pent.09,rural,pentecoste,antes_manejo,pobre,rur.pent.09.branco-rosa,3,00:00:33,88,0.21,5526.26,00:01:05,5,0:03:55,
coleta_3,rur.pent.09,rural,pentecoste,antes_manejo,pobre,rur.pent.09.branco-rosa,4,00:00:12,54,0.14,3346.47,00:01:07,3,0:03:53,
coleta_3,rur.pent.09,rural,pentecoste,antes_manejo,rico,rur.pent.09.roxo-branco,1,00:00:38,138,0.30,6184.48,00:00:04,7,0:04:56,
coleta_3,rur.pent.09,rural,pentecoste,antes_manejo,rico,rur.pent.09.roxo-branco,2,00:00:01,64,0.13,3325.93,00:01:56,3,0:03:04,
coleta_3,rur.pent.09,rural,pentecoste,antes_manejo,pobre,rur.pent.09.roxo-branco,3,00:00:38,123,0.31,8045.12,00:00:28,7,0:04:32,
coleta_3,rur.pent.09,rural,pentecoste,antes_manejo,pobre,rur.pent.09.roxo-branco,4,00:00:20,51,0.12,2707.11,00:01:07,3,0:03:53,
coleta_3,rur.pent.10,rural,pentecoste,antes_manejo,pobre,rur.pent.10.rosa-azul,1,00:00:01,21,0.05,798.41,00:03:50,1,0:01:10,
coleta_3,rur.pent.10,rural,pentecoste,antes_manejo,pobre,rur.pent.10.rosa-azul,2,00:00:07,21,0.05,699.95,00:03:46,2,0:01:14,
coleta_3,rur.pent.10,rural,pentecoste,antes_manejo,pobre,rur.pent.10.rosa-rosa,1,00:00:04,17,0.04,506.96,00:04:16,1,0:00:44,
coleta_3,rur.pent.10,rural,pentecoste,antes_manejo,pobre,rur.pent.10.rosa-rosa,2,00:00:20,117,0.27,5163.93,00:00:05,2,0:04:55,
coleta_3,urb.pici.06,urbano,fortaleza,antes_manejo,rico,urb.pici.06.verde-amarelo,1,00:00:19,61,0.15,4306.25,00:00:51,3,0:04:09,
coleta_3,urb.pici.06,urbano,fortaleza,antes_manejo,pobre,urb.pici.06.verde-amarelo,3,00:00:04,34,0.08,1221.41,00:03:53,2,0:01:07,
coleta_3,urb.pici.06,urbano,fortaleza,antes_manejo,rico,urb.pici.06.verde-amarelo,2,00:00:08,33,0.08,1551.21,00:03:14,2,0:01:46,
coleta_3,urb.pici.06,urbano,fortaleza,antes_manejo,rico,urb.pici.06.verde-roxo,1,00:00:05,143,0.34,5626.72,00:01:36,8,0:03:24,
coleta_3,urb.pici.06,urbano,fortaleza,antes_manejo,rico,urb.pici.06.verde-roxo,2,00:00:11,130,0.34,8244.24,00:00:11,7,0:04:49,
coleta_3,urb.pici.06,urbano,fortaleza,antes_manejo,pobre,urb.pici.06.verde-roxo,3,00:00:14,58,0.14,2243.28,00:03:08,4,0:01:52,
coleta_3,urb.pici.06,urbano,fortaleza,antes_manejo,pobre,urb.pici.06.verde-roxo,4,00:00:31,87,0.22,7484.18,00:00:14,5,0:04:46,
coleta_3,urb.pici.06,urbano,fortaleza,antes_manejo,rico,urb.pici.06.verde-sm,1,00:00:00,8,0.02,446.80,00:04:05,1,0:00:55,
coleta_3,urb.pici.06,urbano,fortaleza,antes_manejo,rico,urb.pici.06.verde-sm,2,00:00:09,56,0.13,2229.45,00:02:30,4,0:02:30,
coleta_3,urb.pici.06,urbano,fortaleza,antes_manejo,rico,urb.pici.06.vermelho-verde,2,00:00:13,153,0.38,7578.83,00:00:35,8,0:04:25,
coleta_3,urb.pici.06,urbano,fortaleza,antes_manejo,rico,urb.pici.06.vermelho-verde,1,00:00:28,114,0.28,5835.20,00:00:35,7,0:04:25,
coleta_3,urb.pici.06,urbano,fortaleza,antes_manejo,pobre,urb.pici.06.vermelho-verde,3,00:00:11,97,0.24,4544.77,00:01:58,5,0:03:02,
coleta_3,urb.pici.06,urbano,fortaleza,antes_manejo,pobre,urb.pici.06.vermelho-verde,4,00:00:42,123,0.31,7266.75,00:00:31,7,0:04:29,
coleta_3,urb.pici.07,urbano,fortaleza,antes_manejo,pobre,urb.pici.07.branco-branco,1,00:00:00,10,0.02,414.49,00:04:31,1,0:00:29,
coleta_3,urb.pici.07,urbano,fortaleza,antes_manejo,pobre,urb.pici.07.branco-branco,2,00:00:06,73,0.18,4050.75,00:02:40,3,0:02:20,
coleta_3,urb.pici.07,urbano,fortaleza,antes_manejo,rico,urb.pici.07.branco-branco,3,00:00:05,46,0.11,2311.77,00:03:40,2,0:01:20,
coleta_3,urb.pici.07,urbano,fortaleza,antes_manejo,pobre,urb.pici.07.branco-rosa,1,00:00:13,95,0.24,4154.00,00:01:34,7,0:03:26,
coleta_3,urb.pici.07,urbano,fortaleza,antes_manejo,pobre,urb.pici.07.branco-rosa,2,00:00:30,84,0.21,3448.53,00:01:53,5,0:03:07,
coleta_3,urb.pici.07,urbano,fortaleza,antes_manejo,rico,urb.pici.07.branco-rosa,3,00:00:16,7,0.02,444.13,00:03:49,1,0:01:11,
coleta_3,urb.pici.07,urbano,fortaleza,antes_manejo,rico,urb.pici.07.branco-rosa,4,00:00:14,58,0.14,2715.93,00:02:39,3,0:02:21,
coleta_3,urb.pici.08,urbano,fortaleza,depois_manejo,pobre,urb.pici.08.azul-branco,3,00:00:04,6,0.01,542.35,00:03:51,0,0:01:09,
coleta_3,urb.pici.08,urbano,fortaleza,depois_manejo,pobre,urb.pici.08.azul-branco,4,00:00:27,64,0.16,4112.30,00:01:12,3,0:03:48,
coleta_3,urb.pici.08,urbano,fortaleza,antes_manejo,rico,urb.pici.08.roxo-roxo,1,00:00:00,12,0.03,335.75,00:04:32,1,0:00:28,
coleta_3,urb.pici.08,urbano,fortaleza,antes_manejo,pobre,urb.pici.08.roxo-roxo,3,00:00:00,2,0.01,14.86,00:04:58,1,0:00:02,
coleta_3,urb.pici.08,urbano,fortaleza,antes_manejo,pobre,urb.pici.08.roxo-roxo,4,00:00:17,84,0.20,2352.00,00:00:26,4,0:04:34,
coleta_3,urb.pici.08,urbano,fortaleza,depois_manejo,pobre,urb.pici.08.rosa-azul,3,00:00:12,97,0.24,4356.69,00:00:23,5,0:04:37,
coleta_4,rur.eeep.11,rural,guaiuba,depois_manejo,rico,rur.eeep.11.azul-azul,1,00:00:33,123,0.29,8302.76,00:00:03,7,0:04:57,
coleta_4,rur.eeep.11,rural,guaiuba,depois_manejo,pobre,rur.eeep.11.azul-azul,3,00:00:41,32,0.14,1487.84,00:02:25,4,0:02:35,
coleta_4,rur.eeep.11,rural,guaiuba,depois_manejo,pobre,rur.eeep.11.azul-azul,2,00:00:58,29,0.07,1376.09,00:02:49,3,0:02:11,
coleta_4,rur.eeep.12,rural,guaiuba,depois_manejo,pobre,rur.eeep.12.amarelo-azul,2,00:00:28,106,0.25,7549.40,00:00:16,6,0:04:44,
coleta_4,rur.eeep.12,rural,guaiuba,depois_manejo,rico,rur.eeep.12.amarelo-azul,1,00:00:00,0,0,0,00:05:00,0,0:00:00,
coleta_4,urb.ceac.09,urbano,eusebio,antes_manejo,rico,urb.ceac.09.roxo-branco,2,00:00:29,71,0.17,4344.51,00:00:25,5,0:04:35,
coleta_4,urb.ceac.09,urbano,eusebio,antes_manejo,rico,urb.ceac.09.roxo-branco,3,00:00:01,27,0.06,1016.30,00:03:33,3,0:01:27,
coleta_4,urb.ceac.09,urbano,eusebio,antes_manejo,pobre,urb.ceac.09.verde-rosa,3,00:00:15,67,0.16,4603.02,00:00:53,4,0:04:07,
coleta_4,urb.ceac.09,urbano,eusebio,antes_manejo,rico,urb.ceac.09.verde-rosa,1,00:00:27,65,0.15,4253.98,00:00:49,5,0:04:11,
coleta_4,urb.ceac.09,urbano,eusebio,antes_manejo,rico,urb.ceac.09.vermelho-branco,2,00:00:46,50,0.13,1779.92,00:02:33,4,0:02:27,
coleta_4,urb.ceac.09,urbano,eusebio,antes_manejo,rico,urb.ceac.09.vermelho-branco,3,00:00:27,67,0.16,3602.82,00:01:19,4,0:03:41,vespa oculta em parte do vídeo
coleta_4,urb.ceac.10,urbano,eusebio,depois_manejo,rico,urb.ceac.10.azul-branco,1,00:00:16,97,0.24,7869.15,00:00:13,6,0:04:47,
coleta_4,urb.ceac.10,urbano,eusebio,depois_manejo,pobre,urb.ceac.10.azul-branco,3,00:00:53,73,0.18,2836.62,00:02:00,6,0:03:00,
coleta_4,urb.ceac.10,urbano,eusebio,antes_manejo,rico,urb.ceac.10.rosa-vermelho,1,00:00:16,113,0.28,6375.62,00:00:31,7,0:04:29,
coleta_4,urb.ceac.10,urbano,eusebio,antes_manejo,pobre,urb.ceac.10.rosa-vermelho,2,00:00:54,100,0.24,6066.70,00:00:16,6,0:04:44,vespa oculta em parte do vídeo
coleta_4,urb.ceac.10,urbano,eusebio,antes_manejo,pobre,urb.ceac.10.rosa-vermelho,3,00:00:29,49,0.12,2945.18,00:00:35,3,0:04:25,
coleta_4,urb.ceac.10,urbano,eusebio,depois_manejo,rico,urb.ceac.10.vermelho-azul,1,00:00:01,69,0.16,3083.39,00:02:19,5,0:02:41,
coleta_4,urb.ceac.10,urbano,eusebio,depois_manejo,pobre,urb.ceac.10.vermelho-azul,3,00:00:09,52,0.12,2304.59,00:02:10,4,0:02:50,camera se mexeu
coleta_4,urb.ceac.10,urbano,eusebio,depois_manejo,pobre,urb.ceac.10.vermelho-azul,2,00:00:16,75,0.18,4291.86,00:00:47,5,0:04:13,